voxel_size_m,ground_threshold_m,eps_m,min_points,seed,n_input_roi,n_downsampled,n_ground,n_obstacle_points,n_clusters,nearest_obstacle_m,median_cluster_points,latency_p50_ms,latency_p95_ms,latency_repeats
0.1,0.1,0.65,6,42,55823,21584,9014,12570,60,1.552676361023914,26.0,123.87149999267422,178.34149999544024,21
0.1,0.2,0.65,6,42,55823,21584,10119,11465,61,1.552676361023914,22.0,102.74360000039451,116.6570000059437,21
0.1,0.4,0.65,6,42,55823,21584,11154,10430,59,1.552676361023914,22.0,115.60059999465011,160.90950000216253,21
0.2,0.1,0.65,6,42,55823,10186,4156,6030,61,1.5734543254129596,19.0,54.664700001012534,66.07940001413226,21
0.2,0.2,0.65,6,42,55823,10186,4959,5227,57,1.5734543254129596,15.0,40.25779999210499,46.45990001154132,21
0.2,0.4,0.65,6,42,55823,10186,5462,4724,56,1.5734543254129596,15.5,34.854099998483434,42.32939999201335,21
0.3,0.1,0.65,6,42,55823,6206,2791,3415,54,1.552676361023914,13.5,31.647900003008544,62.825400003930554,21
0.3,0.2,0.65,6,42,55823,6206,3120,3086,51,1.552676361023914,14.0,30.29000002425164,39.40219999640249,21
0.3,0.4,0.65,6,42,55823,6206,3483,2723,45,1.552676361023914,13.0,41.048699989914894,95.94930001185276,21
